filepath_rel,class_folder,filesize_bytes,width,height,top1,top1_prob,top2,top2_prob,top3,top3_prob,flagged,flag_reasons
high\img_100.png,high,1872,32,32,milk_can,0.20453299582004547,pedestal,0.17112602293491364,espresso_maker,0.07327849417924881,NO,
high\img_106.png,high,1906,32,32,container_ship,0.5707279443740845,speedboat,0.09198103845119476,airliner,0.035900890827178955,NO,
high\img_107.png,high,2315,32,32,black-and-tan_coonhound,0.28687742352485657,milk_can,0.24880512058734894,lampshade,0.018732381984591484,NO,
high\img_108.png,high,1683,32,32,brambling,0.8528998494148254,junco,0.009595338255167007,marmot,0.008381866849958897,NO,
high\img_111.png,high,2134,32,32,moving_van,0.1843004822731018,Kerry_blue_terrier,0.06868214905261993,Irish_water_spaniel,0.06403882801532745,NO,
high\img_120.png,high,2240,32,32,platypus,0.13555003702640533,water_ouzel,0.12386595457792282,dowitcher,0.07230900228023529,NO,
high\img_123.png,high,2184,32,32,isopod,0.12426397949457169,Windsor_tie,0.06013542041182518,overskirt,0.04624010622501373,NO,
high\img_128.png,high,2230,32,32,colobus,0.12458235025405884,milk_can,0.055117830634117126,indri,0.025351928547024727,NO,
high\img_13.png,high,2003,32,32,pedestal,0.050827328115701675,brambling,0.050171710550785065,milk_can,0.04059145972132683,NO,
high\img_135.png,high,1942,32,32,lakeside,0.17414525151252747,container_ship,0.1467849165201187,boathouse,0.034758951514959335,NO,
high\img_138.png,high,2555,32,32,patas,0.08205476403236389,cleaver,0.0369134284555912,langur,0.030509890988469124,NO,
high\img_144.png,high,1751,32,32,maraca,0.07142196595668793,ping-pong_ball,0.06221984699368477,table_lamp,0.053692448884248734,NO,
high\img_148.png,high,2257,32,32,black-and-tan_coonhound,0.18656933307647705,Brabancon_griffon,0.04883184656500816,throne,0.04814031720161438,NO,
high\img_155.png,high,2257,32,32,airliner,0.10849405825138092,speedboat,0.09411969780921936,space_shuttle,0.08140144497156143,NO,
high\img_157.png,high,1967,32,32,clumber,0.15578778088092804,Pekinese,0.04542894661426544,Japanese_spaniel,0.04399993270635605,NO,
high\img_161.png,high,2341,32,32,container_ship,0.4647134244441986,gondola,0.06654369831085205,shoji,0.053561970591545105,NO,
high\img_167.png,high,2329,32,32,boxer,0.07983236759901047,Rhodesian_ridgeback,0.06656663119792938,redbone,0.06040341779589653,NO,
high\img_170.png,high,2137,32,32,milk_can,0.2312069535255432,amphibian,0.13150237500667572,stopwatch,0.029962705448269844,NO,
high\img_171.png,high,2238,32,32,milk_can,0.10436618328094482,punching_bag,0.05350503697991371,moving_van,0.04097282513976097,NO,
high\img_173.png,high,2163,32,32,toy_terrier,0.13420923054218292,ocarina,0.07916966080665588,Windsor_tie,0.07003642618656158,NO,
high\img_177.png,high,2236,32,32,marmoset,0.13633237779140472,gibbon,0.12699343264102936,langur,0.1221112608909607,NO,
high\img_18.png,high,2241,32,32,platypus,0.2799482047557831,ocarina,0.03481709957122803,beaver,0.03305304795503616,NO,
high\img_182.png,high,2187,32,32,Japanese_spaniel,0.22791124880313873,capuchin,0.17198428511619568,Dandie_Dinmont,0.1444288194179535,NO,
high\img_183.png,high,2396,32,32,Dandie_Dinmont,0.16041682660579681,hog,0.1560870260000229,three-toed_sloth,0.0883321762084961,NO,
high\img_192.png,high,2095,32,32,cassette_player,0.15837055444717407,printer,0.09506732225418091,dishwasher,0.07057067006826401,NO,
high\img_193.png,high,1981,32,32,drilling_platform,0.1554311215877533,submarine,0.07676082849502563,lifeboat,0.07202307879924774,NO,
high\img_194.png,high,1883,32,32,maraca,0.19655776023864746,letter_opener,0.055670011788606644,ocarina,0.052317239344120026,NO,
high\img_195.png,high,2296,32,32,Dandie_Dinmont,0.5778005123138428,milk_can,0.16901366412639618,komondor,0.046707917004823685,NO,
high\img_198.png,high,1815,32,32,hair_spray,0.06490658968687057,tripod,0.04737583547830582,lighter,0.028444504365324974,NO,
high\img_215.png,high,2330,32,32,Newfoundland,0.680592954158783,flat-coated_retriever,0.07779084891080856,Sussex_spaniel,0.045344483107328415,NO,
high\img_216.png,high,2267,32,32,cleaver,0.5600847601890564,hatchet,0.039510324597358704,mobile_home,0.028280282393097878,NO,
high\img_217.png,high,2255,32,32,Brabancon_griffon,0.35743221640586853,chow,0.12681367993354797,Pekinese,0.08611315488815308,NO,
high\img_221.png,high,1981,32,32,beaker,0.10445338487625122,hourglass,0.0398547425866127,nipple,0.03555751219391823,NO,
high\img_222.png,high,2365,32,32,speedboat,0.7688714861869812,ocarina,0.012749369256198406,sundial,0.01029649842530489,NO,
high\img_240.png,high,2226,32,32,paddlewheel,0.14993534982204437,amphibian,0.12113958597183228,thresher,0.09682973474264145,NO,
high\img_244.png,high,2063,32,32,speedboat,0.4363294243812561,airliner,0.0794483870267868,container_ship,0.04973867908120155,NO,
high\img_246.png,high,2119,32,32,milk_can,0.13323602080345154,schooner,0.12134777754545212,space_shuttle,0.11889785528182983,NO,
high\img_259.png,high,2124,32,32,geyser,0.044690243899822235,Windsor_tie,0.04207916185259819,matchstick,0.027806036174297333,NO,
high\img_260.png,high,2268,32,32,Norwich_terrier,0.4112427234649658,chow,0.15017865598201752,redbone,0.0688057690858841,NO,
high\img_271.png,high,1677,32,32,nail,0.7989386320114136,screw,0.03104935958981514,Windsor_tie,0.013888634741306305,NO,
high\img_277.png,high,2502,32,32,milk_can,0.41383469104766846,langur,0.0492020919919014,Japanese_spaniel,0.03726814687252045,NO,
high\img_280.png,high,2005,32,32,trimaran,0.18270669877529144,drilling_platform,0.07475052028894424,yawl,0.06235538050532341,NO,
high\img_285.png,high,2525,32,32,Bedlington_terrier,0.8261379599571228,Dandie_Dinmont,0.02390892244875431,toy_terrier,0.022747963666915894,NO,
high\img_290.png,high,1829,32,32,paddle,0.06952837109565735,studio_couch,0.06672394275665283,submarine,0.05778050422668457,NO,
high\img_291.png,high,2174,32,32,planetarium,0.10130473226308823,steel_arch_bridge,0.07567621022462845,mobile_home,0.07464897632598877,NO,
high\img_297.png,high,2537,32,32,Brabancon_griffon,0.9148334264755249,redbone,0.02477683499455452,Pekinese,0.0048698908649384975,NO,
high\img_300.png,high,2595,32,32,maze,0.03539744019508362,digital_clock,0.03217729181051254,langur,0.023460417985916138,NO,
high\img_303.png,high,1713,32,32,nail,0.5721244812011719,common_newt,0.015259080566465855,slug,0.014132060110569,NO,
high\img_309.png,high,1999,32,32,lakeside,0.09376461058855057,beaker,0.08375291526317596,hourglass,0.07918903231620789,NO,
high\img_328.png,high,2093,32,32,container_ship,0.30073776841163635,liner,0.1944562941789627,speedboat,0.09606218338012695,NO,
high\img_335.png,high,2138,32,32,ostrich,0.1460058093070984,nail,0.101938396692276,plunger,0.03286134824156761,NO,
high\img_353.png,high,2255,32,32,milk_can,0.1741400510072708,nipple,0.10222218185663223,iron,0.03744063526391983,NO,
high\img_359.png,high,2214,32,32,golden_retriever,0.09731798619031906,redbone,0.07442887872457504,lesser_panda,0.04350169375538826,NO,
high\img_365.png,high,1998,32,32,container_ship,0.4113304316997528,liner,0.08101731538772583,space_shuttle,0.019439049065113068,NO,
high\img_374.png,high,2540,32,32,Blenheim_spaniel,0.7731330990791321,Japanese_spaniel,0.1310971975326538,gibbon,0.022834978997707367,NO,
high\img_379.png,high,1927,32,32,submarine,0.08104220032691956,nail,0.07768573611974716,speedboat,0.07650048285722733,NO,
high\img_380.png,high,2519,32,32,black_stork,0.07329238951206207,German_short-haired_pointer,0.0401429757475853,EntleBucher,0.03168679401278496,NO,
high\img_400.png,high,2408,32,32,gibbon,0.21847982704639435,Bedlington_terrier,0.08271671831607819,capuchin,0.05754118412733078,NO,
high\img_403.png,high,1851,32,32,prairie_chicken,0.12286452949047089,bustard,0.08910209685564041,red-breasted_merganser,0.08415354043245316,NO,
high\img_41.png,high,2124,32,32,hatchet,0.7281991243362427,nail,0.13746806979179382,hammer,0.017320791259407997,NO,
high\img_410.png,high,2336,32,32,drumstick,0.040654465556144714,plunger,0.034009531140327454,scoreboard,0.031184298917651176,NO,
high\img_418.png,high,2120,32,32,submarine,0.16033509373664856,ambulance,0.05007987469434738,go-kart,0.049588773399591446,NO,
high\img_42.png,high,2055,32,32,German_short-haired_pointer,0.026497136801481247,hippopotamus,0.024683188647031784,drilling_platform,0.024015912786126137,NO,
high\img_424.png,high,2472,32,32,Dandie_Dinmont,0.3264380693435669,Border_terrier,0.08217941969633102,Pekinese,0.06590743362903595,NO,
high\img_425.png,high,1917,32,32,matchstick,0.052403196692466736,nail,0.03236670419573784,dugong,0.03232962638139725,NO,
high\img_426.png,high,2438,32,32,Blenheim_spaniel,0.9551875591278076,Japanese_spaniel,0.010463953949511051,Sussex_spaniel,0.0036572576500475407,NO,
high\img_430.png,high,2322,32,32,yawl,0.34774816036224365,fireboat,0.10512762516736984,beaker,0.08157859742641449,NO,
high\img_441.png,high,2075,32,32,nail,0.0898357480764389,can_opener,0.07586030662059784,speedboat,0.07050219178199768,NO,
high\img_450.png,high,2404,32,32,revolver,0.31270378828048706,Doberman,0.09254204481840134,panpipe,0.06656412035226822,NO,
high\img_456.png,high,2084,32,32,nail,0.06494870781898499,balance_beam,0.04614442214369774,boathouse,0.04119547829031944,NO,
high\img_462.png,high,2540,32,32,black-and-tan_coonhound,0.4084930121898651,Sussex_spaniel,0.13685980439186096,bluetick,0.08855511248111725,NO,
high\img_463.png,high,2393,32,32,black_stork,0.17957690358161926,peacock,0.1546674221754074,rock_beauty,0.08388177305459976,NO,
high\img_465.png,high,2442,32,32,bullet_train,0.06757802516222,container_ship,0.06720096617937088,bobsled,0.04830272123217583,NO,
high\img_475.png,high,2279,32,32,lakeside,0.6864180564880371,boathouse,0.044551827013492584,steel_arch_bridge,0.036504629999399185,NO,
high\img_48.png,high,2099,32,32,mink,0.16068583726882935,limpkin,0.03896240517497063,weasel,0.033252909779548645,NO,
high\img_491.png,high,1808,32,32,milk_can,0.37670382857322693,affenpinscher,0.08906860649585724,Pekinese,0.056495871394872665,NO,
high\img_496.png,high,2108,32,32,espresso_maker,0.4770960509777069,hourglass,0.03703318163752556,milk_can,0.036285050213336945,NO,
high\img_500.png,high,2484,32,32,black-and-tan_coonhound,0.24615979194641113,Sussex_spaniel,0.1319456845521927,Windsor_tie,0.06861814111471176,NO,
high\img_502.png,high,2448,32,32,baboon,0.17662805318832397,macaque,0.12373875826597214,langur,0.08779372274875641,NO,
high\img_503.png,high,2267,32,32,space_shuttle,0.09575468301773071,speedboat,0.08090569823980331,missile,0.054353270679712296,NO,
high\img_507.png,high,2559,32,32,bobsled,0.14031767845153809,quill,0.06355179846286774,paddlewheel,0.0543823279440403,NO,
high\img_509.png,high,2200,32,32,digital_clock,0.16472862660884857,chiton,0.07688628137111664,pick,0.024396592751145363,NO,
high\img_51.png,high,2423,32,32,milk_can,0.1828847974538803,espresso_maker,0.11855711787939072,hourglass,0.09919878840446472,NO,
high\img_510.png,high,2236,32,32,guenon,0.05476674810051918,weasel,0.0469847172498703,meerkat,0.042966440320014954,NO,
high\img_513.png,high,2228,32,32,red-breasted_merganser,0.06758362054824829,slug,0.04535820335149765,black_stork,0.04239218682050705,NO,
high\img_518.png,high,2317,32,32,espresso,0.13887564837932587,clog,0.09350661188364029,eggnog,0.035181742161512375,NO,
high\img_519.png,high,2157,32,32,screen,0.09415246546268463,espresso_maker,0.036865271627902985,slot,0.023421553894877434,NO,
high\img_522.png,high,2245,32,32,Windsor_tie,0.31933945417404175,milk_can,0.13788564503192902,guenon,0.02762531489133835,NO,
high\img_534.png,high,2544,32,32,Pomeranian,0.3219035267829895,Japanese_spaniel,0.10288851708173752,golden_retriever,0.08093313872814178,NO,
high\img_544.png,high,2291,32,32,prison,0.10970476269721985,siamang,0.061778850853443146,worm_fence,0.02959611266851425,NO,
high\img_546.png,high,2289,32,32,moving_van,0.47127434611320496,ambulance,0.12964457273483276,cab,0.04688732326030731,NO,
high\img_55.png,high,2687,32,32,colobus,0.3463685214519501,guenon,0.16881063580513,siamang,0.16385634243488312,NO,
high\img_554.png,high,1639,32,32,container_ship,0.16692698001861572,snowplow,0.08184568583965302,pill_bottle,0.051213834434747696,NO,
high\img_559.png,high,1759,32,32,nematode,0.07866427302360535,banana,0.048625409603118896,matchstick,0.03939174860715866,NO,
high\img_560.png,high,2152,32,32,coucal,0.23479196429252625,junco,0.09622742235660553,bulbul,0.05746155604720116,NO,
high\img_562.png,high,2300,32,32,fireboat,0.4357506036758423,yawl,0.11690748482942581,speedboat,0.03176562860608101,NO,
high\img_566.png,high,1547,32,32,promontory,0.21235360205173492,lakeside,0.07105027139186859,seashore,0.0485101155936718,NO,
high\img_569.png,high,2239,32,32,marmoset,0.1264622062444687,langur,0.0752628967165947,nipple,0.07131104171276093,NO,
high\img_573.png,high,2621,32,32,indri,0.25831109285354614,guenon,0.07440174371004105,skunk,0.041323527693748474,NO,
high\img_580.png,high,2338,32,32,moving_van,0.7667237520217896,bulletproof_vest,0.017195070162415504,milk_can,0.017169751226902008,NO,
high\img_584.png,high,2481,32,32,milk_can,0.19795437157154083,loupe,0.15661726891994476,car_mirror,0.06782553344964981,NO,
high\img_585.png,high,2245,32,32,speedboat,0.8921217918395996,Petri_dish,0.004455494228750467,nipple,0.003451201831921935,NO,
high\img_596.png,high,2102,32,32,container_ship,0.04891834780573845,nail,0.03627395257353783,nipple,0.03170233964920044,NO,
high\img_602.png,high,2491,32,32,moving_van,0.2499629259109497,slide_rule,0.10323018580675125,cassette,0.09040870517492294,NO,
high\img_607.png,high,2440,32,32,Dandie_Dinmont,0.8837618231773376,bluetick,0.0085966307669878,marmoset,0.004804594907909632,NO,
high\img_609.png,high,1824,32,32,shoji,0.20732103288173676,container_ship,0.03894574195146561,planetarium,0.02195918560028076,NO,
high\img_610.png,high,2298,32,32,space_shuttle,0.14753888547420502,container_ship,0.06685157120227814,moving_van,0.038777731359004974,NO,
high\img_62.png,high,2123,32,32,container_ship,0.1987118124961853,speedboat,0.18727955222129822,drilling_platform,0.06295991688966751,NO,
high\img_624.png,high,2319,32,32,patas,0.7440822720527649,Brabancon_griffon,0.023929551243782043,affenpinscher,0.020206844434142113,NO,
high\img_627.png,high,2450,32,32,moving_van,0.4308077394962311,container_ship,0.07507600635290146,amphibian,0.03298620507121086,NO,
high\img_63.png,high,2308,32,32,screen,0.07651279121637344,torch,0.026393529027700424,black_stork,0.024872876703739166,NO,
high\img_630.png,high,2172,32,32,weasel,0.027029821649193764,airliner,0.025900010019540787,geyser,0.025521820411086082,NO,
high\img_631.png,high,2111,32,32,speedboat,0.6283518671989441,lakeside,0.04276030883193016,canoe,0.04120631515979767,NO,
high\img_646.png,high,2217,32,32,affenpinscher,0.07402750104665756,plunger,0.06923337280750275,lipstick,0.04111934453248978,NO,
high\img_653.png,high,2303,32,32,Norfolk_terrier,0.12748858332633972,Brabancon_griffon,0.09379621595144272,Irish_terrier,0.08409866690635681,NO,
high\img_656.png,high,1795,32,32,milk_can,0.2846171259880066,whistle,0.06282880157232285,pop_bottle,0.03651215136051178,NO,
high\img_686.png,high,2479,32,32,lesser_panda,0.09991487860679626,Blenheim_spaniel,0.07618457823991776,Brittany_spaniel,0.06995120644569397,NO,
high\img_69.png,high,1505,32,32,container_ship,0.19910113513469696,nail,0.061352118849754333,whistle,0.031546927988529205,NO,
high\img_701.png,high,2495,32,32,rock_beauty,0.05042744055390358,platypus,0.050223540514707565,king_penguin,0.04421302303671837,NO,
high\img_707.png,high,1912,32,32,switch,0.18648704886436462,cleaver,0.12486350536346436,studio_couch,0.04105262830853462,NO,
high\img_716.png,high,2105,32,32,banded_gecko,0.10758350789546967,ocarina,0.07671185582876205,common_newt,0.041973501443862915,NO,
high\img_723.png,high,2470,32,32,moving_van,0.4438200294971466,milk_can,0.09104219824075699,Dandie_Dinmont,0.04809137433767319,NO,
high\img_736.png,high,2254,32,32,milk_can,0.3216177523136139,revolver,0.046911031007766724,slide_rule,0.022318894043564796,NO,
high\img_737.png,high,2044,32,32,digital_clock,0.14056110382080078,torch,0.05198559910058975,punching_bag,0.051851071417331696,NO,
high\img_741.png,high,1804,32,32,screen,0.04662276431918144,laptop,0.046199146658182144,milk_can,0.04508697986602783,NO,
high\img_751.png,high,2368,32,32,Pekinese,0.3616388142108917,kuvasz,0.09465634822845459,Great_Pyrenees,0.08697663992643356,NO,
high\img_766.png,high,1887,32,32,cleaver,0.18064692616462708,container_ship,0.10312847048044205,milk_can,0.07003667205572128,NO,
high\img_777.png,high,1961,32,32,airliner,0.04280378669500351,container_ship,0.04168469086289406,dock,0.03718307241797447,NO,
high\img_778.png,high,2563,32,32,mink,0.07659288495779037,three-toed_sloth,0.048168059438467026,limpkin,0.04423649236559868,NO,
high\img_779.png,high,2223,32,32,black_grouse,0.24415041506290436,coucal,0.12944132089614868,water_ouzel,0.05363883823156357,NO,
high\img_784.png,high,2199,32,32,Pomeranian,0.13250212371349335,nipple,0.1273699253797531,Pekinese,0.0653790608048439,NO,
high\img_786.png,high,1564,32,32,container_ship,0.16428929567337036,lakeside,0.07023286074399948,submarine,0.05922308191657066,NO,
high\img_787.png,high,2413,32,32,weasel,0.16577458381652832,dingo,0.10587887465953827,platypus,0.07253410667181015,NO,
high\img_790.png,high,1522,32,32,ruffed_grouse,0.26467132568359375,partridge,0.19556079804897308,ptarmigan,0.056552719324827194,NO,
high\img_793.png,high,1412,32,32,container_ship,0.5258499979972839,trimaran,0.029037242755293846,drilling_platform,0.028028618544340134,NO,
high\img_795.png,high,2474,32,32,digital_clock,0.23881050944328308,oscilloscope,0.09512951225042343,rock_beauty,0.02111932449042797,NO,
high\img_802.png,high,2478,32,32,isopod,0.1465194821357727,platypus,0.05664873495697975,rock_python,0.04830322787165642,NO,
high\img_803.png,high,2196,32,32,skunk,0.16256865859031677,king_penguin,0.1349877268075943,colobus,0.0671212449669838,NO,
high\img_808.png,high,2338,32,32,jacamar,0.3957087993621826,brambling,0.1321595013141632,coucal,0.08239472657442093,NO,
high\img_811.png,high,1835,32,32,container_ship,0.33294677734375,whistle,0.12848789989948273,drilling_platform,0.06598277390003204,NO,
high\img_813.png,high,2386,32,32,black-and-tan_coonhound,0.8434836864471436,Gordon_setter,0.10572357475757599,Brabancon_griffon,0.012961240485310555,NO,
high\img_814.png,high,2491,32,32,Windsor_tie,0.07329464703798294,lotion,0.05941374599933624,Japanese_spaniel,0.052548762410879135,NO,
high\img_817.png,high,2495,32,32,Dandie_Dinmont,0.4222986400127411,toy_terrier,0.05382022634148598,Norwich_terrier,0.04639330133795738,NO,
high\img_826.png,high,2490,32,32,airliner,0.1932850033044815,speedboat,0.19208268821239471,moving_van,0.08642450720071793,NO,
high\img_829.png,high,2210,32,32,milk_can,0.15580642223358154,cleaver,0.12033440172672272,Windsor_tie,0.04808094725012779,NO,
high\img_83.png,high,2309,32,32,milk_can,0.4143565893173218,cocktail_shaker,0.02913404256105423,gong,0.021646082401275635,NO,
high\img_832.png,high,2086,32,32,revolver,0.24376153945922852,can_opener,0.11974015086889267,plane,0.05683305487036705,NO,
high\img_849.png,high,2238,32,32,platypus,0.19396637380123138,water_buffalo,0.149760439991951,Indian_cobra,0.09847090393304825,NO,
high\img_852.png,high,1981,32,32,toy_terrier,0.09684682637453079,Norwich_terrier,0.09103550016880035,Chihuahua,0.057908300310373306,NO,
high\img_853.png,high,2346,32,32,black-and-tan_coonhound,0.48466360569000244,bluetick,0.2579614818096161,EntleBucher,0.015173878520727158,NO,
high\img_860.png,high,1906,32,32,yawl,0.22736354172229767,schooner,0.07733435183763504,beaker,0.05887053161859512,NO,
high\img_864.png,high,2703,32,32,hourglass,0.1616002917289734,panpipe,0.054658617824316025,redbone,0.0386548675596714,NO,
high\img_875.png,high,2082,32,32,stopwatch,0.2428983449935913,oil_filter,0.11200619488954544,cellular_telephone,0.06512165814638138,NO,
high\img_880.png,high,2218,32,32,speedboat,0.6649510264396667,fireboat,0.053818318992853165,go-kart,0.023691926151514053,NO,
high\img_885.png,high,2096,32,32,maraca,0.21043476462364197,frying_pan,0.12619777023792267,waffle_iron,0.05726920813322067,NO,
high\img_888.png,high,2105,32,32,speedboat,0.09017718583345413,container_ship,0.042165108025074005,bullet_train,0.03299233317375183,NO,
high\img_889.png,high,2294,32,32,Windsor_tie,0.33680540323257446,albatross,0.05131416767835617,red-breasted_merganser,0.03242572396993637,NO,
high\img_891.png,high,1641,32,32,space_shuttle,0.2072524130344391,drilling_platform,0.10888923704624176,container_ship,0.05534489080309868,NO,
high\img_892.png,high,2213,32,32,airliner,0.44869711995124817,space_shuttle,0.07237106561660767,container_ship,0.05697562173008919,NO,
high\img_897.png,high,2103,32,32,pill_bottle,0.16032366454601288,cello,0.10266435146331787,container_ship,0.06785064190626144,NO,
high\img_901.png,high,1774,32,32,modem,0.3060131371021271,screen,0.08342601358890533,rubber_eraser,0.05933792144060135,NO,
high\img_908.png,high,2475,32,32,Pekinese,0.7432699203491211,Brabancon_griffon,0.058518458157777786,Japanese_spaniel,0.044519662857055664,NO,
high\img_909.png,high,1587,32,32,lakeside,0.7746031880378723,safety_pin,0.01734505034983158,boathouse,0.016730431467294693,NO,
high\img_910.png,high,1756,32,32,common_newt,0.16454234719276428,axolotl,0.1375141590833664,marmoset,0.037639982998371124,NO,
high\img_918.png,high,1701,32,32,milk_can,0.10539160668849945,punching_bag,0.04785383492708206,oil_filter,0.037140604108572006,NO,
high\img_924.png,high,2543,32,32,lorikeet,0.1257629692554474,rock_beauty,0.09129074215888977,goldfinch,0.06374764442443848,NO,
high\img_933.png,high,1201,32,32,platypus,0.2592623829841614,letter_opener,0.05419107526540756,nematode,0.03652755916118622,NO,
high\img_943.png,high,1935,32,32,fireboat,0.1812296062707901,speedboat,0.11031469702720642,matchstick,0.07308907061815262,NO,
high\img_958.png,high,2323,32,32,chain_saw,0.0798456147313118,cassette_player,0.05044827237725258,speedboat,0.039067625999450684,NO,
high\img_967.png,high,2314,32,32,speedboat,0.6020903587341309,fireboat,0.02813253551721573,yawl,0.027355846017599106,NO,
high\img_971.png,high,2211,32,32,amphibian,0.759261429309845,speedboat,0.039989203214645386,submarine,0.02221640571951866,NO,
high\img_975.png,high,2451,32,32,black_grouse,0.1433613896369934,black_stork,0.10026097297668457,black_swan,0.06089216098189354,NO,
high\img_984.png,high,2588,32,32,Japanese_spaniel,0.3619210720062256,Blenheim_spaniel,0.28718477487564087,papillon,0.029180966317653656,NO,
high\img_987.png,high,1842,32,32,speedboat,0.2279856950044632,submarine,0.14859072864055634,container_ship,0.12511290609836578,NO,
high\img_988.png,high,2474,32,32,keeshond,0.14949250221252441,orangutan,0.14341962337493896,langur,0.07018867880105972,NO,
high\img_990.png,high,1791,32,32,jacamar,0.5503869652748108,brambling,0.09097704291343689,goldfinch,0.033097781240940094,NO,
high\img_993.png,high,2071,32,32,milk_can,0.08859869092702866,dugong,0.06934399157762527,ping-pong_ball,0.03851543739438057,NO,
high\img_996.png,high,2199,32,32,Labrador_retriever,0.17268100380897522,redbone,0.06611400842666626,milk_can,0.05681435018777847,NO,
high\img_999.png,high,2174,32,32,Pekinese,0.40397223830223083,whiskey_jug,0.12772326171398163,Brabancon_griffon,0.04626346379518509,NO,
low\img_0.png,low,2466,32,32,milk_can,0.1623220592737198,macaque,0.04478845000267029,whiskey_jug,0.03985754773020744,NO,
low\img_1.png,low,2651,32,32,moving_van,0.9696076512336731,trailer_truck,0.005645669996738434,recreational_vehicle,0.0016315552638843656,NO,
low\img_102.png,low,2339,32,32,ambulance,0.2901742160320282,moving_van,0.1394042819738388,chain_saw,0.048575904220342636,NO,
low\img_109.png,low,2325,32,32,moving_van,0.9357566237449646,trailer_truck,0.02402317523956299,police_van,0.0027875148225575686,NO,
low\img_110.png,low,1889,32,32,moving_van,0.4395348131656647,milk_can,0.08545799553394318,laptop,0.041090115904808044,NO,
low\img_115.png,low,1408,32,32,warplane,0.10065419971942902,can_opener,0.0821199119091034,screw,0.06713321059942245,NO,
low\img_118.png,low,2405,32,32,moving_van,0.6589738726615906,mobile_home,0.04932599142193794,trailer_truck,0.03957681730389595,NO,
low\img_122.png,low,2250,32,32,trailer_truck,0.1441352516412735,moving_van,0.13059110939502716,tow_truck,0.08389521390199661,NO,
low\img_125.png,low,2470,32,32,Brabancon_griffon,0.13723838329315186,Dandie_Dinmont,0.05535326525568962,beaver,0.05304073169827461,NO,
low\img_127.png,low,2104,32,32,milk_can,0.1118808388710022,passenger_car,0.09371603280305862,trailer_truck,0.07573992013931274,NO,
low\img_129.png,low,1822,32,32,projectile,0.11054731905460358,screen,0.10757467895746231,airliner,0.10483206808567047,NO,
low\img_14.png,low,2568,32,32,moving_van,0.5370749235153198,mobile_home,0.04134653881192207,thresher,0.03366101533174515,NO,
low\img_142.png,low,2006,32,32,nematode,0.42385134100914,slug,0.164692685008049,nail,0.020703822374343872,NO,
low\img_146.png,low,2693,32,32,moving_van,0.755776047706604,chain_saw,0.07013239711523056,milk_can,0.036156050860881805,NO,
low\img_147.png,low,2421,32,32,moving_van,0.9830286502838135,mobile_home,0.013053675182163715,trailer_truck,0.0011230922536924481,NO,
low\img_15.png,low,2125,32,32,moving_van,0.5865487456321716,trailer_truck,0.07765869796276093,modem,0.0483652725815773,NO,
low\img_151.png,low,2476,32,32,amphibian,0.10397487133741379,cup,0.07079716771841049,banded_gecko,0.036945752799510956,NO,
low\img_16.png,low,2288,32,32,moving_van,0.9468543529510498,trailer_truck,0.010749195702373981,mobile_home,0.0038965714629739523,NO,
low\img_165.png,low,2206,32,32,airship,0.06457595527172089,milk_can,0.055295031517744064,canoe,0.04141874983906746,NO,
low\img_166.png,low,2489,32,32,moving_van,0.518406093120575,ambulance,0.26682329177856445,minibus,0.03365705534815788,NO,
low\img_185.png,low,2025,32,32,moving_van,0.3263876140117645,milk_can,0.05516241863369942,sunscreen,0.04389727860689163,NO,
low\img_186.png,low,2547,32,32,moving_van,0.7801681756973267,snowplow,0.024130815640091896,barrel,0.021387657150626183,NO,
low\img_188.png,low,2517,32,32,moving_van,0.679741382598877,sunscreen,0.04256439581513405,espresso_maker,0.03566388785839081,NO,
low\img_189.png,low,2294,32,32,planetarium,0.08877091109752655,bubble,0.08566677570343018,space_shuttle,0.053728941828012466,NO,
low\img_19.png,low,2392,32,32,milk_can,0.06756050884723663,barrel,0.05552133545279503,whiskey_jug,0.05210040137171745,NO,
low\img_199.png,low,1802,32,32,airliner,0.8847060203552246,warplane,0.02916816435754299,space_shuttle,0.008799400180578232,NO,
low\img_2.png,low,2083,32,32,whistle,0.28531360626220703,thresher,0.04378090798854828,container_ship,0.034890443086624146,NO,
low\img_202.png,low,2190,32,32,moving_van,0.8944292068481445,modem,0.01276205200701952,minivan,0.005325726233422756,NO,
low\img_205.png,low,2220,32,32,espresso_maker,0.210912823677063,thresher,0.04728788882493973,moving_van,0.03793613240122795,NO,
low\img_207.png,low,2183,32,32,milk_can,0.31382957100868225,langur,0.10323466360569,whiskey_jug,0.06560369580984116,NO,
low\img_208.png,low,2291,32,32,moving_van,0.9806195497512817,ambulance,0.008216911926865578,trailer_truck,0.0012449950445443392,NO,
low\img_209.png,low,2502,32,32,electric_ray,0.5264108777046204,sidewinder,0.09490612149238586,banded_gecko,0.08329446613788605,NO,
low\img_21.png,low,2092,32,32,revolver,0.20857031643390656,switch,0.09465327113866806,theater_curtain,0.07623548805713654,NO,
low\img_213.png,low,2131,32,32,letter_opener,0.29019102454185486,airliner,0.11716460436582565,cleaver,0.06830049306154251,NO,
low\img_214.png,low,2515,32,32,screen,0.304694801568985,moving_van,0.09126144647598267,digital_clock,0.02495853789150715,NO,
low\img_219.png,low,2397,32,32,moving_van,0.979955792427063,trailer_truck,0.004473481792956591,school_bus,0.002781576942652464,NO,
low\img_220.png,low,1966,32,32,projectile,0.2890644669532776,missile,0.19732056558132172,airliner,0.09507468342781067,NO,
low\img_223.png,low,2312,32,32,moving_van,0.6474015712738037,ambulance,0.0452447235584259,minibus,0.02027297019958496,NO,
low\img_225.png,low,2300,32,32,moving_van,0.9472753405570984,trailer_truck,0.014018104411661625,recreational_vehicle,0.0031184942927211523,NO,
low\img_233.png,low,2025,32,32,airliner,0.9618374109268188,projectile,0.005536193493753672,warplane,0.0031042180489748716,NO,
low\img_241.png,low,2326,32,32,Windsor_tie,0.22583892941474915,nipple,0.032114241272211075,milk_can,0.031947650015354156,NO,
low\img_242.png,low,2293,32,32,slug,0.12322971969842911,rock_beauty,0.07767800241708755,milk_can,0.03734553977847099,NO,
low\img_25.png,low,2445,32,32,terrapin,0.14634644985198975,loupe,0.08559316396713257,ocarina,0.04409491643309593,NO,
low\img_264.png,low,1848,32,32,red-breasted_merganser,0.10160217434167862,letter_opener,0.09276855736970901,safety_pin,0.07719578593969345,NO,
low\img_265.png,low,2434,32,32,moving_van,0.991741418838501,ambulance,0.002394211944192648,police_van,0.001114723039790988,NO,
low\img_266.png,low,2007,32,32,langur,0.32868361473083496,milk_can,0.06169651448726654,Japanese_spaniel,0.05571899563074112,NO,
low\img_269.png,low,2570,32,32,moving_van,0.9763652682304382,police_van,0.00420406274497509,ambulance,0.0037434168625622988,NO,
low\img_270.png,low,2472,32,32,chain_saw,0.7465168833732605,moving_van,0.06142367422580719,cab,0.03256061673164368,NO,
low\img_273.png,low,2347,32,32,moving_van,0.18528245389461517,mobile_home,0.09563973546028137,trailer_truck,0.09211444109678268,NO,
low\img_274.png,low,2205,32,32,moving_van,0.8860032558441162,police_van,0.03470586612820625,trailer_truck,0.009106563404202461,NO,
low\img_276.png,low,2141,32,32,airliner,0.4122641682624817,dugong,0.050856344401836395,hammerhead,0.035934578627347946,NO,
low\img_278.png,low,2316,32,32,moving_van,0.9158222079277039,passenger_car,0.014890800230205059,trailer_truck,0.00867452658712864,NO,
low\img_279.png,low,2265,32,32,plunger,0.153341606259346,croquet_ball,0.1424407660961151,lipstick,0.11338669806718826,NO,
low\img_287.png,low,1988,32,32,milk_can,0.23967204988002777,espresso_maker,0.0880642980337143,coffeepot,0.05274436995387077,NO,
low\img_29.png,low,2040,32,32,hatchet,0.12102583050727844,nail,0.04771903529763222,screw,0.03118736855685711,NO,
low\img_293.png,low,2523,32,32,snowplow,0.25359663367271423,chain_saw,0.06140264496207237,cab,0.04647720605134964,NO,
low\img_295.png,low,2296,32,32,thresher,0.4769767224788666,nipple,0.03569721803069115,amphibian,0.03308926522731781,NO,
low\img_30.png,low,2187,32,32,ballpoint,0.05822989344596863,can_opener,0.05725303664803505,running_shoe,0.05016619339585304,NO,
low\img_306.png,low,2560,32,32,moving_van,0.9841892123222351,ambulance,0.008028351701796055,garbage_truck,0.0009909276850521564,NO,
low\img_307.png,low,2500,32,32,moving_van,0.8739174008369446,screen,0.02340690791606903,mobile_home,0.014199120923876762,NO,
low\img_308.png,low,2359,32,32,digital_clock,0.13735130429267883,ambulance,0.0747918114066124,nematode,0.06352216750383377,NO,
low\img_31.png,low,2237,32,32,moving_van,0.8148230314254761,sunscreen,0.021367333829402924,trailer_truck,0.010626782663166523,NO,
low\img_313.png,low,2577,32,32,electric_ray,0.1280336230993271,gyromitra,0.1102326512336731,isopod,0.08531111478805542,NO,
low\img_316.png,low,2195,32,32,moving_van,0.9575013518333435,trailer_truck,0.032212190330028534,limousine,0.0011669438099488616,NO,
low\img_317.png,low,1975,32,32,hair_slide,0.15989123284816742,black_grouse,0.05773088335990906,tick,0.03896219655871391,NO,
low\img_319.png,low,2293,32,32,moving_van,0.5559735298156738,Dandie_Dinmont,0.018597621470689774,fire_screen,0.017285019159317017,NO,
low\img_322.png,low,2495,32,32,moving_van,0.8734704852104187,ambulance,0.026814399287104607,trailer_truck,0.022597307339310646,NO,
low\img_326.png,low,2508,32,32,electric_ray,0.27778390049934387,muzzle,0.08891263604164124,affenpinscher,0.025908226147294044,NO,
low\img_334.png,low,1994,32,32,punching_bag,0.24645556509494781,oil_filter,0.23072324693202972,power_drill,0.10036832839250565,NO,
low\img_340.png,low,2317,32,32,thresher,0.24996423721313477,trailer_truck,0.1540827453136444,moving_van,0.05701657012104988,NO,
low\img_341.png,low,1644,32,32,warplane,0.4401131570339203,airliner,0.08922112733125687,space_shuttle,0.034574076533317566,NO,
low\img_344.png,low,2181,32,32,airliner,0.760009229183197,warplane,0.0826401486992836,space_shuttle,0.03437503054738045,NO,
low\img_349.png,low,1694,32,32,orangutan,0.2321140468120575,gibbon,0.09241209924221039,nail,0.03711482882499695,NO,
low\img_35.png,low,2253,32,32,bobsled,0.23461981117725372,croquet_ball,0.10788975656032562,rock_beauty,0.057814113795757294,NO,
low\img_351.png,low,2636,32,32,barrel,0.056418973952531815,gong,0.05010977014899254,common_newt,0.040331609547138214,NO,
low\img_355.png,low,2571,32,32,redbone,0.3178100883960724,Sussex_spaniel,0.20479939877986908,electric_ray,0.060961198061704636,NO,
low\img_357.png,low,2489,32,32,moving_van,0.48783740401268005,ambulance,0.06874192506074905,thresher,0.02898184023797512,NO,
low\img_36.png,low,2238,32,32,milk_can,0.32565826177597046,Dandie_Dinmont,0.08079355210065842,oil_filter,0.05159182474017143,NO,
low\img_360.png,low,2373,32,32,ice_lolly,0.14282368123531342,spatula,0.07850624620914459,Windsor_tie,0.046480853110551834,NO,
low\img_369.png,low,2363,32,32,moving_van,0.3612886965274811,trailer_truck,0.08599443733692169,garbage_truck,0.07070906460285187,NO,
low\img_371.png,low,1870,32,32,nail,0.176763653755188,Windsor_tie,0.08321995288133621,hatchet,0.068000927567482,NO,
low\img_373.png,low,1737,32,32,warplane,0.3188067674636841,nail,0.17464113235473633,screw,0.05325596407055855,NO,
low\img_376.png,low,2270,32,32,airliner,0.4120096266269684,plane,0.22365929186344147,ocarina,0.04641619324684143,NO,
low\img_385.png,low,2467,32,32,moving_van,0.5923773646354675,ambulance,0.38677898049354553,police_van,0.0059906779788434505,NO,
low\img_387.png,low,2479,32,32,earthstar,0.054134123027324677,gyromitra,0.046079955995082855,hen-of-the-woods,0.044221676886081696,NO,
low\img_401.png,low,1844,32,32,slug,0.17609497904777527,nail,0.1613568365573883,common_newt,0.040737658739089966,NO,
low\img_404.png,low,2355,32,32,planetarium,0.17174668610095978,space_shuttle,0.170842245221138,warplane,0.053687889128923416,NO,
low\img_405.png,low,1875,32,32,airliner,0.7750529646873474,space_shuttle,0.03811196982860565,cassette_player,0.006992873270064592,NO,
low\img_406.png,low,2079,32,32,moving_van,0.8741477131843567,trailer_truck,0.03273814171552658,hand-held_computer,0.003681520465761423,NO,
low\img_407.png,low,2216,32,32,space_shuttle,0.16203497350215912,thresher,0.13839343190193176,warplane,0.10529136657714844,NO,
low\img_408.png,low,2193,32,32,moving_van,0.5819666981697083,ambulance,0.05081535130739212,mobile_home,0.03124171867966652,NO,
low\img_409.png,low,2415,32,32,langur,0.1766359806060791,milk_can,0.12580938637256622,redbone,0.11280831694602966,NO,
low\img_415.png,low,1837,32,32,bobsled,0.12425234913825989,moving_van,0.09067599475383759,chain_saw,0.07847385853528976,NO,
low\img_419.png,low,2289,32,32,moving_van,0.9289810657501221,ambulance,0.031195230782032013,police_van,0.003937318921089172,NO,
low\img_428.png,low,2580,32,32,moving_van,0.9652826189994812,fire_engine,0.009709556587040424,thresher,0.004369518719613552,NO,
low\img_436.png,low,1767,32,32,airliner,0.18783745169639587,red-breasted_merganser,0.047173649072647095,amphibian,0.03225279226899147,NO,
low\img_438.png,low,2585,32,32,moving_van,0.43757888674736023,ambulance,0.26227617263793945,snowplow,0.03165094926953316,NO,
low\img_439.png,low,2215,32,32,space_shuttle,0.17439457774162292,projectile,0.11314664036035538,hand_blower,0.07819990068674088,NO,
low\img_443.png,low,2288,32,32,moving_van,0.2439618855714798,modem,0.16876786947250366,switch,0.0651969239115715,NO,
low\img_444.png,low,2210,32,32,moving_van,0.9721896052360535,ambulance,0.0015342208789661527,police_van,0.0015253303572535515,NO,
low\img_446.png,low,2336,32,32,milk_can,0.9858565330505371,whiskey_jug,0.006894684862345457,pill_bottle,0.0004850415571127087,NO,
low\img_448.png,low,1948,32,32,airliner,0.07162635028362274,passenger_car,0.06458675116300583,ambulance,0.06397419422864914,NO,
low\img_453.png,low,2281,32,32,moving_van,0.0857425257563591,amphibian,0.05321364477276802,boathouse,0.040327686816453934,NO,
low\img_455.png,low,2077,32,32,mortarboard,0.1136203408241272,face_powder,0.05308593437075615,red-breasted_merganser,0.05218329653143883,NO,
low\img_457.png,low,1850,32,32,screwdriver,0.17742305994033813,paintbrush,0.164388507604599,space_shuttle,0.06756313890218735,NO,
low\img_467.png,low,2082,32,32,bulletproof_vest,0.05552829056978226,nail,0.0318329744040966,guillotine,0.03089505061507225,NO,
low\img_468.png,low,1810,32,32,can_opener,0.22930169105529785,spatula,0.04954971373081207,paintbrush,0.04693013057112694,NO,
low\img_472.png,low,2130,32,32,moving_van,0.9676256775856018,trailer_truck,0.009738263674080372,milk_can,0.0013892219867557287,NO,
low\img_480.png,low,2186,32,32,moving_van,0.7246992588043213,trailer_truck,0.08236423879861832,milk_can,0.018723437562584877,NO,
low\img_49.png,low,2096,32,32,espresso_maker,0.04446009173989296,waffle_iron,0.03863205388188362,affenpinscher,0.0346299447119236,NO,
low\img_494.png,low,2209,32,32,affenpinscher,0.131118044257164,German_shepherd,0.10280831158161163,Norwich_terrier,0.03748606517910957,NO,
low\img_495.png,low,2083,32,32,moving_van,0.6235354542732239,cleaver,0.3595198094844818,rotisserie,0.0009283158578909934,NO,
low\img_497.png,low,2240,32,32,weasel,0.198118194937706,snail,0.05441055819392204,meerkat,0.0327473059296608,NO,
low\img_50.png,low,2393,32,32,bobsled,0.11034998297691345,trailer_truck,0.06906826049089432,chain_saw,0.06461528688669205,NO,
low\img_504.png,low,1458,32,32,Windsor_tie,0.29143479466438293,screw,0.040487803518772125,cleaver,0.037672437727451324,NO,
low\img_508.png,low,2635,32,32,moving_van,0.663212239742279,trailer_truck,0.1513148695230484,garbage_truck,0.00966006238013506,NO,
low\img_511.png,low,2442,32,32,moving_van,0.5475047826766968,espresso_maker,0.05925080180168152,oil_filter,0.03672002628445625,NO,
low\img_512.png,low,2521,32,32,moving_van,0.14963483810424805,Dandie_Dinmont,0.0751202404499054,mobile_home,0.05325547605752945,NO,
low\img_517.png,low,2362,32,32,EntleBucher,0.0769737958908081,Walker_hound,0.0724155381321907,bluetick,0.06922199577093124,NO,
low\img_527.png,low,2160,32,32,frying_pan,0.4051867127418518,spatula,0.03575325012207031,milk_can,0.030815454199910164,NO,
low\img_529.png,low,2611,32,32,sidewinder,0.10624895244836807,chiton,0.09930814802646637,eel,0.08408218622207642,NO,
low\img_53.png,low,2195,32,32,cassette_player,0.19376763701438904,hand-held_computer,0.14028272032737732,cassette,0.09587296098470688,NO,
low\img_530.png,low,2354,32,32,snowplow,0.41093313694000244,amphibian,0.2369939237833023,moving_van,0.08860157430171967,NO,
low\img_541.png,low,2039,32,32,moving_van,0.9775952696800232,trailer_truck,0.006475250236690044,espresso_maker,0.0009851859649643302,NO,
low\img_548.png,low,2477,32,32,Japanese_spaniel,0.5660420656204224,Dandie_Dinmont,0.03579603135585785,nipple,0.01733291521668434,NO,
low\img_553.png,low,2295,32,32,skunk,0.1851820945739746,lesser_panda,0.14323259890079498,space_shuttle,0.060784950852394104,NO,
low\img_557.png,low,1332,32,32,slug,0.3580497205257416,nail,0.1579892486333847,screw,0.07395096868276596,NO,
low\img_564.png,low,1628,32,32,spatula,0.11953777074813843,letter_opener,0.07247404009103775,whistle,0.036989495158195496,NO,
low\img_577.png,low,2622,32,32,harmonica,0.5467374324798584,panpipe,0.1096610352396965,moving_van,0.01680796593427658,NO,
low\img_579.png,low,1792,32,32,moving_van,0.9351680278778076,trailer_truck,0.01730731688439846,police_van,0.005987477954477072,NO,
low\img_583.png,low,2292,32,32,milk_can,0.9020943641662598,whiskey_jug,0.02034783363342285,barrel,0.012090105563402176,NO,
low\img_59.png,low,2389,32,32,cassette,0.13820131123065948,screen,0.10850659012794495,oil_filter,0.10462609678506851,NO,
low\img_591.png,low,2282,32,32,cheetah,0.07717278599739075,Walker_hound,0.05565490946173668,macaque,0.055022139102220535,NO,
low\img_594.png,low,2066,32,32,thresher,0.16683974862098694,moving_van,0.07000184059143066,go-kart,0.058909691870212555,NO,
low\img_597.png,low,2170,32,32,spatula,0.12725137174129486,iron,0.08937904983758926,pick,0.03697547689080238,NO,
low\img_598.png,low,2037,32,32,revolver,0.7449366450309753,warplane,0.04122382402420044,can_opener,0.01406605914235115,NO,
low\img_604.png,low,2120,32,32,screen,0.4371037781238556,gondola,0.023982839658856392,hourglass,0.021438032388687134,NO,
low\img_605.png,low,1554,32,32,Windsor_tie,0.09784595668315887,revolver,0.09267526865005493,screw,0.08915762603282928,NO,
low\img_612.png,low,2472,32,32,moving_van,0.48889654874801636,ambulance,0.10937757790088654,police_van,0.09578032791614532,NO,
low\img_613.png,low,2574,32,32,moving_van,0.6915115118026733,ambulance,0.03659916669130325,police_van,0.025989526882767677,NO,
low\img_614.png,low,2133,32,32,airliner,0.12529222667217255,cassette,0.04468848928809166,can_opener,0.034899115562438965,NO,
low\img_615.png,low,2521,32,32,milk_can,0.4233832359313965,cleaver,0.06572522968053818,moving_van,0.040519166737794876,NO,
low\img_625.png,low,2482,32,32,affenpinscher,0.42032256722450256,black-and-tan_coonhound,0.05942445620894432,Dandie_Dinmont,0.0390029177069664,NO,
low\img_626.png,low,2076,32,32,lumbermill,0.11932198703289032,milk_can,0.08510793000459671,guillotine,0.04219762235879898,NO,
low\img_628.png,low,2193,32,32,airliner,0.314755916595459,hammerhead,0.08201460540294647,space_shuttle,0.07607318460941315,NO,
low\img_629.png,low,2317,32,32,langur,0.7910667657852173,patas,0.0636867880821228,gong,0.011761740781366825,NO,
low\img_634.png,low,2420,32,32,ambulance,0.6745108962059021,moving_van,0.16753323376178741,power_drill,0.012477582320570946,NO,
low\img_635.png,low,2077,32,32,moving_van,0.7549219131469727,trailer_truck,0.12625737488269806,ambulance,0.02347637712955475,NO,
low\img_640.png,low,2548,32,32,patas,0.17845462262630463,baboon,0.12372182309627533,gorilla,0.0977318286895752,NO,
low\img_643.png,low,2342,32,32,moving_van,0.8886567950248718,ambulance,0.041447415947914124,garbage_truck,0.015962813049554825,NO,
low\img_650.png,low,1909,32,32,nail,0.6599356532096863,letter_opener,0.045024216175079346,pinwheel,0.020062711089849472,NO,
low\img_651.png,low,2660,32,32,leopard,0.5365152955055237,jaguar,0.1204129084944725,cheetah,0.040081631392240524,NO,
low\img_657.png,low,2233,32,32,moving_van,0.6326802968978882,screen,0.14641544222831726,oil_filter,0.02106630615890026,NO,
low\img_658.png,low,1536,32,32,screw,0.127280592918396,whistle,0.1003400906920433,combination_lock,0.0814075842499733,NO,
low\img_659.png,low,2072,32,32,moving_van,0.36456379294395447,trailer_truck,0.04634183645248413,ambulance,0.01473561767488718,NO,
low\img_663.png,low,1862,32,32,letter_opener,0.15494465827941895,spatula,0.12463963031768799,hatchet,0.11057592183351517,NO,
low\img_664.png,low,2333,32,32,snowplow,0.6781429648399353,amphibian,0.05572810024023056,milk_can,0.023546449840068817,NO,
low\img_666.png,low,2438,32,32,screen,0.17744100093841553,cash_machine,0.14014340937137604,safe,0.08608702570199966,NO,
low\img_668.png,low,2509,32,32,ambulance,0.39841005206108093,moving_van,0.37122124433517456,fire_engine,0.1532927304506302,NO,
low\img_67.png,low,2187,32,32,paddlewheel,0.4460047483444214,thresher,0.09787729382514954,moving_van,0.04369940236210823,NO,
low\img_672.png,low,2297,32,32,moving_van,0.5602087378501892,safe,0.0642862468957901,space_bar,0.02855117991566658,NO,
low\img_679.png,low,2408,32,32,moving_van,0.6608160734176636,police_van,0.04812288656830788,ambulance,0.04737631231546402,NO,
low\img_682.png,low,1847,32,32,electric_ray,0.053713757544755936,torch,0.04716943949460983,matchstick,0.033132776618003845,NO,
low\img_683.png,low,2553,32,32,milk_can,0.682318389415741,moving_van,0.11906115710735321,oil_filter,0.04138154536485672,NO,
low\img_685.png,low,2549,32,32,keeshond,0.3341391384601593,Japanese_spaniel,0.07297903299331665,tabby,0.06858725100755692,NO,
low\img_687.png,low,1840,32,32,warplane,0.6245831251144409,space_shuttle,0.028912441805005074,wing,0.02395782433450222,NO,
low\img_694.png,low,1837,32,32,screw,0.2741486132144928,nail,0.22687004506587982,letter_opener,0.030344367027282715,NO,
low\img_695.png,low,1725,32,32,nail,0.11932741850614548,screw,0.060245223343372345,space_shuttle,0.03762250393629074,NO,
low\img_698.png,low,1731,32,32,airliner,0.2255782186985016,ocarina,0.08328516781330109,airship,0.04156099632382393,NO,
low\img_700.png,low,2346,32,32,amphibian,0.13598138093948364,airliner,0.07672835141420364,mobile_home,0.04087638854980469,NO,
low\img_703.png,low,2318,32,32,screen,0.08414971828460693,moving_van,0.058849483728408813,chain_saw,0.04593469575047493,NO,
low\img_706.png,low,2172,32,32,trailer_truck,0.4242587089538574,moving_van,0.37388673424720764,thresher,0.01977955363690853,NO,
low\img_708.png,low,2263,32,32,hatchet,0.7839156985282898,revolver,0.05920477956533432,cleaver,0.022997798398137093,NO,
low\img_71.png,low,2531,32,32,three-toed_sloth,0.16979548335075378,Dandie_Dinmont,0.1125703975558281,moving_van,0.08215166628360748,NO,
low\img_719.png,low,2381,32,32,moving_van,0.9939570426940918,trailer_truck,0.0007012097048573196,police_van,0.0005664276541210711,NO,
low\img_72.png,low,2644,32,32,bulletproof_vest,0.10110306739807129,platypus,0.09735949337482452,German_shepherd,0.05947576463222504,NO,
low\img_721.png,low,2666,32,32,guenon,0.330695778131485,macaque,0.14798249304294586,patas,0.08030858635902405,NO,
low\img_728.png,low,2396,32,32,velvet,0.700007438659668,nematode,0.03636221960186958,rock_python,0.024819107726216316,NO,
low\img_731.png,low,2217,32,32,Windsor_tie,0.06108218431472778,colobus,0.054206617176532745,hatchet,0.03793579712510109,NO,
low\img_733.png,low,1578,32,32,matchstick,0.20152269303798676,space_shuttle,0.1462370753288269,airliner,0.12421445548534393,NO,
low\img_735.png,low,1508,32,32,nail,0.4566986560821533,screen,0.04606019705533981,balance_beam,0.0387297123670578,NO,
low\img_738.png,low,2524,32,32,macaque,0.12207850813865662,langur,0.038107842206954956,cardoon,0.03442392125725746,NO,
low\img_748.png,low,2008,32,32,lakeside,0.15985730290412903,nail,0.10734651982784271,space_shuttle,0.033919867128133774,NO,
low\img_749.png,low,1953,32,32,moving_van,0.4756664037704468,mobile_home,0.19873251020908356,trailer_truck,0.12899166345596313,NO,
low\img_752.png,low,2046,32,32,airliner,0.5144877433776855,warplane,0.11478125303983688,aircraft_carrier,0.014805429615080357,NO,
low\img_756.png,low,2476,32,32,moving_van,0.3239925503730774,milk_can,0.26945924758911133,ambulance,0.04861385002732277,NO,
low\img_757.png,low,1739,32,32,warplane,0.47658222913742065,space_shuttle,0.07539992779493332,missile,0.044199734926223755,NO,
low\img_76.png,low,2360,32,32,moving_van,0.9508051872253418,trailer_truck,0.014368974603712559,mobile_home,0.003074892098084092,NO,
low\img_763.png,low,1838,32,32,moving_van,0.8049469590187073,trailer_truck,0.16876915097236633,ambulance,0.0024923882447183132,NO,
low\img_765.png,low,1853,32,32,nail,0.8028505444526672,airliner,0.029445894062519073,warplane,0.021899282932281494,NO,
low\img_768.png,low,2553,32,32,moving_van,0.8508727550506592,ambulance,0.017067106440663338,scoreboard,0.016377797350287437,NO,
low\img_769.png,low,2422,32,32,moving_van,0.9561440348625183,trailer_truck,0.007671740371733904,mobile_home,0.0027516682166606188,NO,
low\img_776.png,low,2598,32,32,marmoset,0.1668320596218109,coyote,0.079469695687294,langur,0.05493398755788803,NO,
low\img_781.png,low,2169,32,32,milk_can,0.4357909858226776,whiskey_jug,0.11585409939289093,barrel,0.055408675223588943,NO,
low\img_782.png,low,1466,32,32,warplane,0.4656183421611786,airliner,0.3092350959777832,aircraft_carrier,0.07173838466405869,NO,
low\img_788.png,low,2221,32,32,whiskey_jug,0.26381170749664307,frying_pan,0.18503782153129578,pickelhaube,0.03267158567905426,NO,
low\img_791.png,low,2072,32,32,moving_van,0.7821614742279053,trailer_truck,0.02939583919942379,freight_car,0.013313759118318558,NO,
low\img_792.png,low,2558,32,32,milk_can,0.2164505273103714,barrel,0.16674678027629852,whiskey_jug,0.03512124717235565,NO,
low\img_798.png,low,2467,32,32,moving_van,0.5852484107017517,oil_filter,0.036311447620391846,carton,0.0265195369720459,NO,
low\img_799.png,low,2095,32,32,hatchet,0.22687050700187683,hammer,0.15209919214248657,can_opener,0.11937650293111801,NO,
low\img_80.png,low,2083,32,32,monastery,0.07209453731775284,moving_van,0.04671712964773178,langur,0.04393898323178291,NO,
low\img_805.png,low,2369,32,32,gong,0.2324783205986023,loupe,0.13232968747615814,fire_screen,0.03389908745884895,NO,
low\img_806.png,low,2684,32,32,Japanese_spaniel,0.5924057960510254,Blenheim_spaniel,0.07359353452920914,beagle,0.06004200503230095,NO,
low\img_812.png,low,2211,32,32,milk_can,0.09373926371335983,passenger_car,0.07534898072481155,airliner,0.047668419778347015,NO,
low\img_818.png,low,2538,32,32,macaque,0.08651351928710938,leopard,0.07490573823451996,chiton,0.0398700088262558,NO,
low\img_822.png,low,1661,32,32,letter_opener,0.4238092005252838,bassoon,0.09716088324785233,flute,0.06741244345903397,NO,
low\img_828.png,low,2689,32,32,moving_van,0.8174911737442017,ambulance,0.09536048769950867,fire_engine,0.014543773606419563,NO,
low\img_843.png,low,2565,32,32,cab,0.4553346335887909,amphibian,0.057107698172330856,moving_van,0.030616270378232002,NO,
low\img_857.png,low,2195,32,32,hourglass,0.17389315366744995,saltshaker,0.10383613407611847,pool_table,0.05494150146842003,NO,
low\img_861.png,low,2545,32,32,Doberman,0.23812264204025269,milk_can,0.1304289996623993,black-and-tan_coonhound,0.06269039958715439,NO,
low\img_865.png,low,2004,32,32,cab,0.07568632066249847,shoji,0.038208793848752975,marimba,0.03571837395429611,NO,
low\img_866.png,low,2132,32,32,amphibian,0.25909602642059326,moving_van,0.18120215833187103,mobile_home,0.04693157970905304,NO,
low\img_867.png,low,2340,32,32,moving_van,0.9755880832672119,trailer_truck,0.018220214173197746,oil_filter,0.0005828797002322972,NO,
low\img_869.png,low,2141,32,32,affenpinscher,0.1343296319246292,Brabancon_griffon,0.055286820977926254,langur,0.032712921500205994,NO,
low\img_871.png,low,2127,32,32,lakeside,0.16575728356838226,whistle,0.08952540904283524,warplane,0.04013888165354729,NO,
low\img_872.png,low,2059,32,32,croquet_ball,0.0996575579047203,parallel_bars,0.06384848058223724,mobile_home,0.0354597233235836,NO,
low\img_877.png,low,2552,32,32,milk_can,0.36179155111312866,moving_van,0.15168549120426178,monastery,0.031767670065164566,NO,
low\img_88.png,low,2474,32,32,moving_van,0.9101803302764893,ambulance,0.026156840845942497,fire_engine,0.009940925985574722,NO,
low\img_881.png,low,2350,32,32,ambulance,0.36633139848709106,moving_van,0.21209366619586945,trailer_truck,0.06424608081579208,NO,
low\img_883.png,low,2345,32,32,moving_van,0.9059898257255554,container_ship,0.011141791939735413,mobile_home,0.006288953125476837,NO,
low\img_884.png,low,2331,32,32,moving_van,0.22835345566272736,shoji,0.09695464372634888,screen,0.026835691183805466,NO,
low\img_886.png,low,2446,32,32,moving_van,0.9130101799964905,ambulance,0.011522673070430756,garbage_truck,0.007051869295537472,NO,
low\img_890.png,low,2268,32,32,oil_filter,0.1680397391319275,espresso_maker,0.05858851224184036,sunscreen,0.0516919270157814,NO,
low\img_899.png,low,2722,32,32,tobacco_shop,0.036645080894231796,chain,0.03446067124605179,hen-of-the-woods,0.03346368297934532,NO,
low\img_900.png,low,2600,32,32,moving_van,0.639978289604187,ambulance,0.04758597910404205,milk_can,0.03956904262304306,NO,
low\img_902.png,low,2345,32,32,airliner,0.9590147137641907,space_shuttle,0.00759852584451437,wing,0.00539215374737978,NO,
low\img_906.png,low,1689,32,32,container_ship,0.3072049021720886,airliner,0.29004886746406555,laptop,0.040096215903759,NO,
low\img_91.png,low,2105,32,32,milk_can,0.5018929839134216,barrel,0.19968703389167786,redbone,0.03882872685790062,NO,
low\img_911.png,low,1957,32,32,nail,0.22564025223255157,Windsor_tie,0.09592242538928986,screw,0.06379450857639313,NO,
low\img_915.png,low,2554,32,32,moving_van,0.20068632066249847,espresso_maker,0.1468973159790039,golfcart,0.09447692334651947,NO,
low\img_920.png,low,2521,32,32,digital_clock,0.381331205368042,analog_clock,0.11492511630058289,pick,0.05807454511523247,NO,
low\img_922.png,low,2123,32,32,whistle,0.12391360104084015,car_mirror,0.02728365734219551,redbone,0.022733263671398163,NO,
low\img_923.png,low,2586,32,32,lesser_panda,0.33443596959114075,langur,0.06580318510532379,pick,0.03589556738734245,NO,
low\img_927.png,low,2253,32,32,rock_beauty,0.2962363064289093,parallel_bars,0.0725191980600357,moving_van,0.06077272444963455,NO,
low\img_929.png,low,2374,32,32,Sussex_spaniel,0.28519508242607117,platypus,0.2108210027217865,Brabancon_griffon,0.10265956073999405,NO,
low\img_93.png,low,2030,32,32,moving_van,0.19440001249313354,ambulance,0.12786611914634705,cab,0.12336394190788269,NO,
low\img_935.png,low,2494,32,32,cheetah,0.1064986065030098,leopard,0.07785870879888535,thimble,0.07018040865659714,NO,
low\img_938.png,low,1881,32,32,can_opener,0.0960421934723854,studio_couch,0.059178341180086136,cleaver,0.058642372488975525,NO,
low\img_940.png,low,2312,32,32,moving_van,0.5649380087852478,airliner,0.281648188829422,amphibian,0.01844879984855652,NO,
low\img_95.png,low,2507,32,32,rock_beauty,0.44916293025016785,isopod,0.08423030376434326,electric_ray,0.0462946854531765,NO,
low\img_950.png,low,2286,32,32,moving_van,0.7869405150413513,hair_spray,0.016323305666446686,cash_machine,0.012043341062963009,NO,
low\img_953.png,low,2513,32,32,moving_van,0.6123536229133606,minibus,0.10142342001199722,passenger_car,0.09481645375490189,NO,
low\img_964.png,low,2404,32,32,moving_van,0.948527455329895,trailer_truck,0.0176243856549263,printer,0.004500546958297491,NO,
low\img_965.png,low,2156,32,32,airliner,0.16879619657993317,running_shoe,0.06627468019723892,moving_van,0.045453935861587524,NO,
low\img_969.png,low,1895,32,32,whiskey_jug,0.1563039869070053,milk_can,0.08765321224927902,muzzle,0.06801213324069977,NO,
low\img_970.png,low,2268,32,32,milk_can,0.08665306121110916,moving_van,0.06250270456075668,espresso_maker,0.03780228644609451,NO,
low\img_974.png,low,1865,32,32,yawl,0.1486564427614212,lakeside,0.1273491233587265,boathouse,0.11138761043548584,NO,
low\img_983.png,low,1988,32,32,airliner,0.5531325936317444,space_shuttle,0.19866007566452026,container_ship,0.03173799440264702,NO,
low\img_992.png,low,2305,32,32,loupe,0.4773891568183899,platypus,0.10036218166351318,milk_can,0.055924493819475174,NO,
low\img_995.png,low,2371,32,32,platypus,0.3673321306705475,Doberman,0.08881756663322449,black-and-tan_coonhound,0.0715687945485115,NO,
medium\img_105.png,medium,2218,32,32,minivan,0.16863372921943665,cab,0.13558249175548553,waffle_iron,0.06431787461042404,NO,
medium\img_112.png,medium,2533,32,32,moving_van,0.4736052453517914,police_van,0.08199640363454819,minivan,0.043037332594394684,NO,
medium\img_119.png,medium,2192,32,32,moving_van,0.8044590950012207,cassette_player,0.024254919961094856,passenger_car,0.0102267786860466,NO,
medium\img_12.png,medium,2232,32,32,Brabancon_griffon,0.29156914353370667,Sussex_spaniel,0.15248709917068481,redbone,0.11275876313447952,NO,
medium\img_126.png,medium,2092,32,32,minivan,0.7973830103874207,moving_van,0.037389010190963745,minibus,0.014331234619021416,NO,
medium\img_136.png,medium,2525,32,32,moving_van,0.2990666925907135,ambulance,0.11445488035678864,beach_wagon,0.06190897896885872,NO,
medium\img_137.png,medium,2448,32,32,moving_van,0.2516292631626129,cab,0.10168418288230896,ambulance,0.07254952937364578,NO,
medium\img_140.png,medium,2359,32,32,can_opener,0.15573081374168396,chain_saw,0.12804949283599854,ocarina,0.041468750685453415,NO,
medium\img_153.png,medium,2252,32,32,patas,0.22031879425048828,milk_can,0.08953670412302017,sorrel,0.05492566525936127,NO,
medium\img_158.png,medium,2577,32,32,Mexican_hairless,0.12658412754535675,bighorn,0.08992394059896469,ox,0.08407200872898102,NO,
medium\img_160.png,medium,1841,32,32,moving_van,0.23295684158802032,cassette_player,0.20276637375354767,crash_helmet,0.09430856257677078,NO,
medium\img_168.png,medium,2459,32,32,moving_van,0.8344422578811646,police_van,0.10521448403596878,ambulance,0.02084972709417343,NO,
medium\img_176.png,medium,2454,32,32,moving_van,0.32576197385787964,amphibian,0.06320654600858688,cassette_player,0.04460471123456955,NO,
medium\img_181.png,medium,2335,32,32,komondor,0.20573699474334717,milk_can,0.08551622182130814,hog,0.05059042572975159,NO,
medium\img_184.png,medium,2247,32,32,cab,0.7765944600105286,racer,0.0694318413734436,sports_car,0.043872732669115067,NO,
medium\img_191.png,medium,2279,32,32,Kerry_blue_terrier,0.20390084385871887,affenpinscher,0.0544414184987545,milk_can,0.027067165821790695,NO,
medium\img_201.png,medium,2564,32,32,moving_van,0.22024202346801758,police_van,0.13956376910209656,cab,0.08256556838750839,NO,
medium\img_206.png,medium,2424,32,32,convertible,0.13849258422851562,moving_van,0.11503708362579346,sports_car,0.10572502762079239,NO,
medium\img_211.png,medium,2299,32,32,sorrel,0.1315920650959015,vizsla,0.11890352517366409,redbone,0.11280600726604462,NO,
medium\img_226.png,medium,2503,32,32,moving_van,0.6540395617485046,ambulance,0.05397326871752739,minibus,0.046257928013801575,NO,
medium\img_227.png,medium,2691,32,32,moving_van,0.39780688285827637,trailer_truck,0.099846251308918,cassette,0.04952644556760788,NO,
medium\img_230.png,medium,2410,32,32,moving_van,0.34882014989852905,langur,0.08900279551744461,patas,0.04212849959731102,NO,
medium\img_236.png,medium,2225,32,32,moving_van,0.19025956094264984,cassette_player,0.13931719958782196,sports_car,0.08049840480089188,NO,
medium\img_237.png,medium,2372,32,32,sorrel,0.7810351252555847,redbone,0.07182608544826508,vizsla,0.018570389598608017,NO,
medium\img_238.png,medium,2364,32,32,cab,0.17762243747711182,convertible,0.12247990816831589,moving_van,0.11462398618459702,NO,
medium\img_247.png,medium,2124,32,32,milk_can,0.21686358749866486,spotlight,0.031120119616389275,pill_bottle,0.030048472806811333,NO,
medium\img_255.png,medium,2464,32,32,sports_car,0.7592682242393494,convertible,0.10832398384809494,racer,0.0385412834584713,NO,
medium\img_256.png,medium,2335,32,32,sorrel,0.29118868708610535,redbone,0.2770519256591797,lesser_panda,0.07649239897727966,NO,
medium\img_257.png,medium,2527,32,32,amphibian,0.2632959187030792,milk_can,0.06227496266365051,ambulance,0.06160566955804825,NO,
medium\img_261.png,medium,2438,32,32,convertible,0.3685245215892792,racer,0.08480676263570786,sports_car,0.07825449109077454,NO,
medium\img_262.png,medium,1898,32,32,sports_car,0.37603989243507385,convertible,0.0704054906964302,racer,0.060937728732824326,NO,
medium\img_263.png,medium,2135,32,32,amphibian,0.042845118790864944,milk_can,0.030786650255322456,frying_pan,0.02509848214685917,NO,
medium\img_267.png,medium,2085,32,32,milk_can,0.22679740190505981,hourglass,0.06312704086303711,beaker,0.04612033814191818,NO,
medium\img_275.png,medium,2300,32,32,cab,0.41779032349586487,moving_van,0.08672891557216644,racer,0.07399177551269531,NO,
medium\img_282.png,medium,2637,32,32,cassette_player,0.5436739921569824,moving_van,0.1572030633687973,waffle_iron,0.08878231793642044,NO,
medium\img_289.png,medium,2259,32,32,sorrel,0.46842649579048157,Italian_greyhound,0.06075286492705345,Ibizan_hound,0.03806740790605545,NO,
medium\img_301.png,medium,2527,32,32,moving_van,0.23897947371006012,milk_can,0.08608260005712509,Kerry_blue_terrier,0.06466275453567505,NO,
medium\img_302.png,medium,2447,32,32,bullet_train,0.10983768105506897,police_van,0.08525443077087402,cab,0.08093128353357315,NO,
medium\img_304.png,medium,2307,32,32,police_van,0.2983405888080597,moving_van,0.22361798584461212,cassette_player,0.05358103662729263,NO,
medium\img_311.png,medium,2528,32,32,cab,0.09988776594400406,police_van,0.0495993047952652,moving_van,0.0473581925034523,NO,
medium\img_312.png,medium,2493,32,32,sports_car,0.14727267622947693,racer,0.1261463612318039,go-kart,0.05425312742590904,NO,
medium\img_318.png,medium,2420,32,32,sorrel,0.20282314717769623,neck_brace,0.03059385158121586,orangutan,0.02768036723136902,NO,
medium\img_32.png,medium,2636,32,32,moving_van,0.9388105273246765,trailer_truck,0.008769041858613491,recreational_vehicle,0.004664917942136526,NO,
medium\img_320.png,medium,2354,32,32,Irish_water_spaniel,0.261675626039505,Kerry_blue_terrier,0.05999719351530075,groenendael,0.053884685039520264,NO,
medium\img_323.png,medium,1773,32,32,racer,0.17127631604671478,sports_car,0.15444695949554443,cassette_player,0.032264258712530136,NO,
medium\img_325.png,medium,2465,32,32,sports_car,0.20431658625602722,racer,0.0826859325170517,cab,0.06827044486999512,NO,
medium\img_329.png,medium,2255,32,32,plane,0.1226457729935646,can_opener,0.047575000673532486,red-breasted_merganser,0.02209451235830784,NO,
medium\img_330.png,medium,2185,32,32,matchstick,0.10318465530872345,moving_van,0.06908176839351654,space_heater,0.031116556376218796,NO,
medium\img_354.png,medium,2605,32,32,moving_van,0.09117303788661957,snowplow,0.0867154598236084,cab,0.07566868513822556,NO,
medium\img_362.png,medium,2432,32,32,EntleBucher,0.3071416914463043,skunk,0.09853705018758774,colobus,0.08328605443239212,NO,
medium\img_363.png,medium,2260,32,32,barrow,0.09170523285865784,container_ship,0.042464181780815125,amphibian,0.040484167635440826,NO,
medium\img_364.png,medium,2214,32,32,chain_saw,0.11465146392583847,moving_van,0.10645683109760284,cassette_player,0.07766219228506088,NO,
medium\img_375.png,medium,2557,32,32,amphibian,0.8049942851066589,moving_van,0.11809521168470383,minivan,0.006409147754311562,NO,
medium\img_382.png,medium,2480,32,32,sorrel,0.620074450969696,milk_can,0.02815963886678219,Brabancon_griffon,0.022233156487345695,NO,
medium\img_389.png,medium,2380,32,32,moving_van,0.48538729548454285,police_van,0.08486996591091156,cab,0.054433759301900864,NO,
medium\img_390.png,medium,1836,32,32,torch,0.06967300921678543,nail,0.03784708306193352,lighter,0.034055959433317184,NO,
medium\img_393.png,medium,2190,32,32,moving_van,0.48314228653907776,ambulance,0.10470838844776154,police_van,0.08388311415910721,NO,
medium\img_396.png,medium,2258,32,32,cab,0.3614320456981659,beaker,0.06778091937303543,ambulance,0.031988535076379776,NO,
medium\img_4.png,medium,2400,32,32,convertible,0.27690231800079346,moving_van,0.135420560836792,sports_car,0.09595922380685806,NO,
medium\img_412.png,medium,2330,32,32,sorrel,0.6828109622001648,redbone,0.1511908322572708,vizsla,0.010851441882550716,NO,
medium\img_414.png,medium,2204,32,32,pinwheel,0.052696678787469864,worm_fence,0.0368274562060833,cannon,0.023642554879188538,NO,
medium\img_422.png,medium,2439,32,32,sorrel,0.3527824580669403,Mexican_hairless,0.13516312837600708,malinois,0.07215849310159683,NO,
medium\img_427.png,medium,2589,32,32,chain_saw,0.45627835392951965,cassette_player,0.20367203652858734,neck_brace,0.044811032712459564,NO,
medium\img_43.png,medium,2362,32,32,sorrel,0.9306704998016357,redbone,0.01422286219894886,basenji,0.005946128163486719,NO,
medium\img_432.png,medium,2534,32,32,limousine,0.2230357825756073,moving_van,0.1612677276134491,cab,0.11001735180616379,NO,
medium\img_44.png,medium,2617,32,32,convertible,0.4973081648349762,amphibian,0.08658262342214584,cab,0.07382557541131973,NO,
medium\img_449.png,medium,2154,32,32,milk_can,0.40006154775619507,Italian_greyhound,0.1596769541501999,hog,0.05421896278858185,NO,
medium\img_45.png,medium,2426,32,32,sports_car,0.18142680823802948,convertible,0.08440203964710236,racer,0.0729144886136055,NO,
medium\img_454.png,medium,2401,32,32,moving_van,0.27834218740463257,cab,0.0937848761677742,sports_car,0.03227906674146652,NO,
medium\img_46.png,medium,2453,32,32,moving_van,0.6114122867584229,police_van,0.1665126383304596,minibus,0.027106542140245438,NO,
medium\img_461.png,medium,2122,32,32,moving_van,0.5735079050064087,minivan,0.10277455300092697,minibus,0.04730222746729851,NO,
medium\img_466.png,medium,2455,32,32,moving_van,0.9639113545417786,ambulance,0.006738538388162851,police_van,0.002978819189593196,NO,
medium\img_482.png,medium,2540,32,32,moving_van,0.5737491846084595,police_van,0.1280597597360611,minivan,0.06915701925754547,NO,
medium\img_486.png,medium,2491,32,32,sports_car,0.12864166498184204,racer,0.07515876740217209,car_mirror,0.07484729588031769,NO,
medium\img_490.png,medium,2091,32,32,Windsor_tie,0.2713263928890228,hourglass,0.14584602415561676,pick,0.07334116846323013,NO,
medium\img_492.png,medium,2591,32,32,colobus,0.8973088264465332,siamang,0.04263712838292122,indri,0.011358968913555145,NO,
medium\img_493.png,medium,2824,32,32,skunk,0.11770085990428925,plate_rack,0.08527718484401703,thimble,0.0653940737247467,NO,
medium\img_498.png,medium,2313,32,32,whistle,0.11447087675333023,moving_van,0.07306947559118271,hand_blower,0.07084149122238159,NO,
medium\img_499.png,medium,2360,32,32,sorrel,0.3271579146385193,malinois,0.14266718924045563,Doberman,0.03385254368185997,NO,
medium\img_5.png,medium,2505,32,32,sports_car,0.1811268925666809,moving_van,0.05262749642133713,hair_spray,0.04330221563577652,NO,
medium\img_505.png,medium,2376,32,32,black-and-tan_coonhound,0.25371068716049194,caldron,0.12292885035276413,milk_can,0.03917813301086426,NO,
medium\img_506.png,medium,2189,32,32,moving_van,0.21080413460731506,ambulance,0.12873657047748566,police_van,0.05091790482401848,NO,
medium\img_516.png,medium,2297,32,32,Mexican_hairless,0.08881958574056625,revolver,0.03694598749279976,coyote,0.027329280972480774,NO,
medium\img_52.png,medium,2633,32,32,Mexican_hairless,0.0662510022521019,toy_terrier,0.03419087454676628,Brabancon_griffon,0.03277697041630745,NO,
medium\img_520.png,medium,2159,32,32,langur,0.14875338971614838,patas,0.10978544503450394,baboon,0.08120159804821014,NO,
medium\img_523.png,medium,2420,32,32,ox,0.4712616503238678,oxcart,0.091644287109375,black-and-tan_coonhound,0.06897485256195068,NO,
medium\img_524.png,medium,1858,32,32,amphibian,0.19373103976249695,convertible,0.14727771282196045,cab,0.09843312203884125,NO,
medium\img_536.png,medium,2722,32,32,moving_van,0.2884533703327179,ambulance,0.2661088705062866,limousine,0.08812461793422699,NO,
medium\img_545.png,medium,2383,32,32,sorrel,0.8585079908370972,redbone,0.06937789171934128,Rhodesian_ridgeback,0.011524025350809097,NO,
medium\img_547.png,medium,2187,32,32,moving_van,0.35190683603286743,cassette_player,0.1275164783000946,sports_car,0.07411578297615051,NO,
medium\img_551.png,medium,2386,32,32,redbone,0.15422149002552032,sorrel,0.1453971564769745,Brabancon_griffon,0.07598808407783508,NO,
medium\img_561.png,medium,2485,32,32,racer,0.2989359498023987,whistle,0.16512998938560486,cab,0.1369575709104538,NO,
medium\img_565.png,medium,2581,32,32,moving_van,0.33416035771369934,convertible,0.1081785261631012,panpipe,0.027683550491929054,NO,
medium\img_568.png,medium,2478,32,32,moving_van,0.1450289785861969,studio_couch,0.06475135684013367,amphibian,0.04838930815458298,NO,
medium\img_576.png,medium,2472,32,32,cassette_player,0.18074490129947662,sports_car,0.15763616561889648,racer,0.11426186561584473,NO,
medium\img_578.png,medium,2499,32,32,half_track,0.16345465183258057,jeep,0.08594200760126114,amphibian,0.04371597617864609,NO,
medium\img_58.png,medium,2034,32,32,nail,0.16210809350013733,hatchet,0.058909930288791656,langur,0.049520038068294525,NO,
medium\img_582.png,medium,2080,32,32,shoji,0.14311011135578156,moving_van,0.14224092662334442,fire_screen,0.13012447953224182,NO,
medium\img_589.png,medium,2565,32,32,colobus,0.2161969095468521,platypus,0.12173868715763092,gibbon,0.09499749541282654,NO,
medium\img_590.png,medium,2414,32,32,moving_van,0.9609612226486206,police_van,0.010990043170750141,trailer_truck,0.005341222044080496,NO,
medium\img_593.png,medium,2402,32,32,moving_van,0.987105131149292,minivan,0.0040121497586369514,amphibian,0.003152252174913883,NO,
medium\img_599.png,medium,2333,32,32,moving_van,0.06376126408576965,milk_can,0.036622676998376846,space_bar,0.03128822520375252,NO,
medium\img_60.png,medium,2555,32,32,cab,0.317852646112442,ambulance,0.28124645352363586,police_van,0.10764729231595993,NO,
medium\img_606.png,medium,2348,32,32,police_van,0.3299359679222107,ambulance,0.2517654001712799,cab,0.13508866727352142,NO,
medium\img_61.png,medium,2476,32,32,moving_van,0.5479709506034851,racer,0.04503900557756424,cassette_player,0.037618864327669144,NO,
medium\img_617.png,medium,2623,32,32,moving_van,0.3538007438182831,go-kart,0.14481163024902344,fire_engine,0.0741620734333992,NO,
medium\img_632.png,medium,2356,32,32,sorrel,0.21725553274154663,gazelle,0.18635913729667664,Mexican_hairless,0.1258143186569214,NO,
medium\img_636.png,medium,2363,32,32,sorrel,0.3111485242843628,redbone,0.1932821124792099,basenji,0.06883261352777481,NO,
medium\img_64.png,medium,2509,32,32,moving_van,0.2891424894332886,sports_car,0.043913744390010834,Windsor_tie,0.03376483917236328,NO,
medium\img_641.png,medium,2452,32,32,sorrel,0.894736111164093,redbone,0.017602359876036644,Irish_setter,0.01744833029806614,NO,
medium\img_644.png,medium,2199,32,32,moving_van,0.16100077331066132,racer,0.10523615032434464,minivan,0.06540978699922562,NO,
medium\img_65.png,medium,2663,32,32,moving_van,0.5814506411552429,police_van,0.19417886435985565,ambulance,0.1448424905538559,NO,
medium\img_654.png,medium,2300,32,32,basenji,0.4143499732017517,sorrel,0.14428091049194336,redbone,0.12874753773212433,NO,
medium\img_660.png,medium,2373,32,32,moving_van,0.3236005902290344,minibus,0.06732577085494995,ambulance,0.049050334841012955,NO,
medium\img_671.png,medium,2517,32,32,Border_collie,0.10140878707170486,basenji,0.0776386708021164,sorrel,0.0548100620508194,NO,
medium\img_674.png,medium,2481,32,32,milk_can,0.10898087173700333,prison,0.05853096395730972,macaque,0.027229411527514458,NO,
medium\img_676.png,medium,1911,32,32,amphibian,0.06682943552732468,sports_car,0.061769526451826096,racer,0.05389697477221489,NO,
medium\img_688.png,medium,2454,32,32,black_stork,0.22133953869342804,king_penguin,0.13592123985290527,red-breasted_merganser,0.036746684461832047,NO,
medium\img_690.png,medium,2212,32,32,police_van,0.34209251403808594,ambulance,0.09126342833042145,studio_couch,0.07055408507585526,NO,
medium\img_693.png,medium,2478,32,32,skunk,0.12556086480617523,bulletproof_vest,0.06254097819328308,academic_gown,0.04563792794942856,NO,
medium\img_699.png,medium,2570,32,32,cab,0.44672879576683044,ambulance,0.129500612616539,police_van,0.0817437544465065,NO,
medium\img_712.png,medium,2323,32,32,redbone,0.22743795812129974,sorrel,0.1483592540025711,malinois,0.06763441860675812,NO,
medium\img_714.png,medium,2502,32,32,cab,0.1762685924768448,beach_wagon,0.10905823111534119,moving_van,0.09341736882925034,NO,
medium\img_725.png,medium,2044,32,32,Norwegian_elkhound,0.1110750138759613,meerkat,0.07693810015916824,weasel,0.031644828617572784,NO,
medium\img_727.png,medium,2370,32,32,redbone,0.33611053228378296,Brabancon_griffon,0.08687633275985718,orangutan,0.038840699940919876,NO,
medium\img_73.png,medium,2344,32,32,milk_can,0.31601837277412415,screen,0.15031930804252625,moving_van,0.10322903841733932,NO,
medium\img_743.png,medium,1979,32,32,moving_van,0.3586098253726959,trailer_truck,0.17452546954154968,recreational_vehicle,0.04322773590683937,NO,
medium\img_746.png,medium,2246,32,32,Doberman,0.6028465032577515,Ibizan_hound,0.036352358758449554,sorrel,0.02740434929728508,NO,
medium\img_747.png,medium,2656,32,32,moving_van,0.7702707052230835,trailer_truck,0.05556878075003624,cassette_player,0.010998733341693878,NO,
medium\img_75.png,medium,2405,32,32,sports_car,0.3507424294948578,racer,0.31820544600486755,go-kart,0.06583992391824722,NO,
medium\img_753.png,medium,2486,32,32,thresher,0.5762595534324646,moving_van,0.18463048338890076,snowplow,0.04538398236036301,NO,
medium\img_758.png,medium,2136,32,32,axolotl,0.10936029255390167,milk_can,0.06423560529947281,dugong,0.043865785002708435,NO,
medium\img_761.png,medium,2427,32,32,racer,0.2705610990524292,sports_car,0.15896479785442352,convertible,0.03309795260429382,NO,
medium\img_772.png,medium,2426,32,32,sports_car,0.7758130431175232,cab,0.06715123355388641,racer,0.06377296149730682,NO,
medium\img_79.png,medium,2451,32,32,moving_van,0.2519979774951935,racer,0.16609486937522888,cab,0.038208700716495514,NO,
medium\img_794.png,medium,2402,32,32,sorrel,0.7319672107696533,redbone,0.09650819003582001,Saluki,0.0339055098593235,NO,
medium\img_797.png,medium,2201,32,32,Windsor_tie,0.3515174984931946,bolo_tie,0.03194836527109146,velvet,0.03076566569507122,NO,
medium\img_815.png,medium,2585,32,32,ambulance,0.34450551867485046,cab,0.11028888076543808,sports_car,0.053678836673498154,NO,
medium\img_816.png,medium,1516,32,32,can_opener,0.09006503224372864,chain_saw,0.07879797369241714,spatula,0.03796251863241196,NO,
medium\img_821.png,medium,2568,32,32,lesser_panda,0.12191828340291977,sorrel,0.08666383475065231,clog,0.04486212134361267,NO,
medium\img_823.png,medium,2358,32,32,cab,0.4826430678367615,sports_car,0.183139830827713,racer,0.07944363355636597,NO,
medium\img_824.png,medium,2318,32,32,milk_can,0.13495902717113495,airliner,0.056576162576675415,space_shuttle,0.04580339044332504,NO,
medium\img_825.png,medium,2434,32,32,Mexican_hairless,0.08677218854427338,bull_mastiff,0.08332600444555283,Great_Dane,0.05775097757577896,NO,
medium\img_834.png,medium,2569,32,32,moving_van,0.3283466398715973,racer,0.07110962271690369,sports_car,0.06967673450708389,NO,
medium\img_835.png,medium,2601,32,32,cab,0.27701693773269653,power_drill,0.15432700514793396,moving_van,0.08615155518054962,NO,
medium\img_84.png,medium,2578,32,32,orangutan,0.18923506140708923,chimpanzee,0.13914212584495544,siamang,0.1365506500005722,NO,
medium\img_840.png,medium,2417,32,32,police_van,0.07900327444076538,cab,0.07035201787948608,convertible,0.06367667019367218,NO,
medium\img_841.png,medium,1994,32,32,beach_wagon,0.11258193850517273,cab,0.05498762056231499,mobile_home,0.045966751873493195,NO,
medium\img_842.png,medium,2502,32,32,redbone,0.1970157027244568,orangutan,0.13705015182495117,sorrel,0.1099318116903305,NO,
medium\img_848.png,medium,2472,32,32,snowplow,0.25092729926109314,fire_engine,0.19523897767066956,bobsled,0.04450134187936783,NO,
medium\img_855.png,medium,2461,32,32,convertible,0.4752713739871979,sports_car,0.19138982892036438,limousine,0.09215067327022552,NO,
medium\img_873.png,medium,2613,32,32,ambulance,0.11887501180171967,moving_van,0.05558498203754425,croquet_ball,0.050300050526857376,NO,
medium\img_874.png,medium,2617,32,32,digital_clock,0.13038787245750427,stopwatch,0.11546410620212555,hand-held_computer,0.07873738557100296,NO,
medium\img_876.png,medium,2016,32,32,hourglass,0.7475857138633728,prison,0.03502311930060387,milk_can,0.014508457854390144,NO,
medium\img_879.png,medium,2251,32,32,sunscreen,0.11764964461326599,moving_van,0.09599000960588455,ambulance,0.072513647377491,NO,
medium\img_89.png,medium,2291,32,32,milk_can,0.12955930829048157,screen,0.04007484391331673,red-breasted_merganser,0.027759892866015434,NO,
medium\img_893.png,medium,2566,32,32,Windsor_tie,0.1429951786994934,hair_spray,0.07362397015094757,bobsled,0.05384082719683647,NO,
medium\img_898.png,medium,1816,32,32,torch,0.08490151911973953,binoculars,0.04786334186792374,bulletproof_vest,0.046704474836587906,NO,
medium\img_913.png,medium,2158,32,32,hatchet,0.20809592306613922,hand_blower,0.1021808311343193,clog,0.057953864336013794,NO,
medium\img_916.png,medium,2310,32,32,Bedlington_terrier,0.32403966784477234,Italian_greyhound,0.09067295491695404,Kerry_blue_terrier,0.05497514083981514,NO,
medium\img_917.png,medium,2529,32,32,ambulance,0.2931919991970062,fire_engine,0.09772471338510513,tow_truck,0.05701310560107231,NO,
medium\img_925.png,medium,2099,32,32,book_jacket,0.5924173593521118,screen,0.2908269464969635,binder,0.01471213810145855,NO,
medium\img_926.png,medium,2563,32,32,langur,0.0519554428756237,Japanese_spaniel,0.04885835945606232,space_shuttle,0.03855062648653984,NO,
medium\img_930.png,medium,1924,32,32,digital_clock,0.4589076042175293,cab,0.029289010912179947,computer_keyboard,0.02782662957906723,NO,
medium\img_936.png,medium,2577,32,32,moving_van,0.4979478716850281,Windsor_tie,0.046027470380067825,trailer_truck,0.02399124577641487,NO,
medium\img_94.png,medium,2519,32,32,cab,0.20288138091564178,amphibian,0.07704398781061172,sports_car,0.059673577547073364,NO,
medium\img_942.png,medium,2418,32,32,sports_car,0.2667607069015503,convertible,0.10861163586378098,cab,0.09272228926420212,NO,
medium\img_947.png,medium,2275,32,32,sports_car,0.261929452419281,racer,0.13840502500534058,cab,0.06838639825582504,NO,
medium\img_952.png,medium,2212,32,32,Mexican_hairless,0.21090374886989594,toy_terrier,0.1508936583995819,Great_Dane,0.036514442414045334,NO,
medium\img_954.png,medium,2290,32,32,espresso_maker,0.11452654749155045,can_opener,0.10265617817640305,turnstile,0.02876235730946064,NO,
medium\img_959.png,medium,2131,32,32,black-and-tan_coonhound,0.16386732459068298,EntleBucher,0.09049768000841141,Doberman,0.040805500000715256,NO,
medium\img_96.png,medium,2429,32,32,police_van,0.3056531548500061,moving_van,0.1499413400888443,limousine,0.07902984321117401,NO,
medium\img_962.png,medium,2339,32,32,moving_van,0.9262305498123169,minivan,0.0491940937936306,minibus,0.01590571738779545,NO,
medium\img_97.png,medium,2506,32,32,moving_van,0.679313600063324,amphibian,0.1504799872636795,racer,0.03191361576318741,NO,
medium\img_976.png,medium,1543,32,32,nail,0.32485130429267883,screw,0.0996793583035469,syringe,0.03311656787991524,NO,
medium\img_977.png,medium,1956,32,32,amphibian,0.34707075357437134,cab,0.18811656534671783,beach_wagon,0.10087709128856659,NO,
medium\img_978.png,medium,2507,32,32,racer,0.1986055225133896,sports_car,0.07541300356388092,cab,0.06940414011478424,NO,
medium\img_980.png,medium,2532,32,32,moving_van,0.257813036441803,racer,0.1098632887005806,sports_car,0.06542617827653885,NO,
medium\img_99.png,medium,2501,32,32,convertible,0.39104771614074707,sports_car,0.36342713236808777,amphibian,0.023008806630969048,NO,
medium\img_991.png,medium,1799,32,32,minivan,0.45959043502807617,moving_van,0.13692045211791992,convertible,0.046008944511413574,NO,
medium\img_997.png,medium,2427,32,32,amphibian,0.6412355303764343,racer,0.04843682050704956,cab,0.029564721509814262,NO,
